[
    {
      "billingItemId": "",
      "billingAction": 1,
      "dataType": 1,
      "processedTnEIds": "014EE8A2-036F-EC11-803D-502F9B7D84CF",
      "productId": "114718.3",
      "activityId": 0,
      "expenseReferenceId": "",
      "clientName": "",
      "clientId": "",
      "billingStatus": "0",
      "productType": "",
      "employee": "",
      "employeeId": "",
      "productStatus": "",
      "billingType": "",
      "feeType": "",
      "hours": 8,
      "ansr": 133.76767,
      "expenseAmount": 0,
      "invoiceFee": 0,
      "currency": "",
      "productDescription": "",
      "billingEntities": "",
      "costCenter": "",
      "invoiceVendor": "",
      "invoiceReference": "",
      "gid": "9cf34bd1-9274-ec11-8043-502f9b7d84cf",
      "workSpaceDataType": 0,
      "adjustedBillingAction": 2,
      "adjustedInvoiceFee": 0,
      "adjustedCurrency": "",
      "adjustedDescription": "Abhsihek",
      "adjustedBillingEntity": "",
      "adjustedCostCenter": "",
      "adjustedOOSNR": "",
      "adjustedGBTStatus": "",
      "adjustedGBTRef": "",
      "linkedProcessedTnEGId": "",
      "derivedProductId": "",
      "derivedActivityId": "",
      "modifiedBy": "",
      "modifiedDateTime": "0001-01-01T00:00:00"
    },
    {
      "billingItemId": "",
      "billingAction": 1,
      "dataType": 2,
      "processedTnEIds": "014EE8A2-036F-EC11-803D-502F9B7D84CF",
      "productId": "114718.3",
      "activityId": 0,
      "expenseReferenceId": "",
      "clientName": "",
      "clientId": "",
      "billingStatus": "0",
      "productType": "",
      "employee": "",
      "employeeId": "",
      "productStatus": "",
      "billingType": "",
      "feeType": "",
      "hours": 8,
      "ansr": 133.76767,
      "expenseAmount": 0,
      "invoiceFee": 0,
      "currency": "",
      "productDescription": "",
      "billingEntities": "",
      "costCenter": "",
      "invoiceVendor": "",
      "invoiceReference": "",
      "gid": "9cf34bd1-9274-ec11-8043-502f9b7d84cg",
      "workSpaceDataType": 0,
      "adjustedBillingAction": 0,
      "adjustedInvoiceFee": 0,
      "adjustedCurrency": "",
      "adjustedDescription": "Abhsihek",
      "adjustedBillingEntity": "",
      "adjustedCostCenter": "",
      "adjustedOOSNR": "",
      "adjustedGBTStatus": "",
      "adjustedGBTRef": "",
      "linkedProcessedTnEGId": "",
      "derivedProductId": "",
      "derivedActivityId": "",
      "modifiedBy": "",
      "modifiedDateTime": "0001-01-01T00:00:00"
    },
    {
      "billingItemId": "",
      "billingAction": 1,
      "dataType": 1,
      "processedTnEIds": "044EE8A2-036F-EC11-803D-502F9B7D84CF",
      "productId": "114718.1",
      "activityId": 0,
      "expenseReferenceId": "",
      "clientName": "",
      "clientId": "",
      "billingStatus": "0",
      "productType": "",
      "employee": "",
      "employeeId": "",
      "productStatus": "",
      "billingType": "",
      "feeType": "",
      "hours": 8,
      "ansr": 420.25198,
      "expenseAmount": 0,
      "invoiceFee": 0,
      "currency": "",
      "productDescription": "",
      "billingEntities": "",
      "costCenter": "",
      "invoiceVendor": "",
      "invoiceReference": "",
      "gid": "9df34bd1-9274-ec11-8043-502f9b7d84cf",
      "workSpaceDataType": 0,
      "adjustedBillingAction": 0,
      "adjustedInvoiceFee": 0,
      "adjustedCurrency": "",
      "adjustedDescription": "",
      "adjustedBillingEntity": "",
      "adjustedCostCenter": "",
      "adjustedOOSNR": "",
      "adjustedGBTStatus": "",
      "adjustedGBTRef": "",
      "linkedProcessedTnEGId": "",
      "derivedProductId": "",
      "derivedActivityId": "",
      "modifiedBy": "",
      "modifiedDateTime": "0001-01-01T00:00:00"
    },
    {
      "billingItemId": "",
      "billingAction": 1,
      "dataType": 3,
      "processedTnEIds": "164EE8A2-036F-EC11-803D-502F9B7D84CF",
      "productId": "134518.1",
      "activityId": 0,
      "expenseReferenceId": "",
      "clientName": "",
      "clientId": "",
      "billingStatus": "0",
      "productType": "",
      "employee": "",
      "employeeId": "",
      "productStatus": "",
      "billingType": "",
      "feeType": "",
      "hours": 8,
      "ansr": 11.38411,
      "expenseAmount": 0,
      "invoiceFee": 0,
      "currency": "",
      "productDescription": "",
      "billingEntities": "",
      "costCenter": "",
      "invoiceVendor": "",
      "invoiceReference": "",
      "gid": "9ef34bd1-9274-ec11-8043-502f9b7d84cf",
      "workSpaceDataType": 0,
      "adjustedBillingAction": 0,
      "adjustedInvoiceFee": 0,
      "adjustedCurrency": "",
      "adjustedDescription": "",
      "adjustedBillingEntity": "",
      "adjustedCostCenter": "",
      "adjustedOOSNR": "",
      "adjustedGBTStatus": "",
      "adjustedGBTRef": "",
      "linkedProcessedTnEGId": "",
      "derivedProductId": "",
      "derivedActivityId": "",
      "modifiedBy": "",
      "modifiedDateTime": "0001-01-01T00:00:00"
    },
    {
      "billingItemId": "",
      "billingAction": 1,
      "dataType": 4,
      "processedTnEIds": "FD4DE8A2-036F-EC11-803D-502F9B7D84CF,054EE8A2-036F-EC11-803D-502F9B7D84CF,0C4EE8A2-036F-EC11-803D-502F9B7D84CF,144EE8A2-036F-EC11-803D-502F9B7D84CF,154EE8A2-036F-EC11-803D-502F9B7D84CF,1A4EE8A2-036F-EC11-803D-502F9B7D84CF",
      "productId": "",
      "activityId": 0,
      "expenseReferenceId": "",
      "clientName": "",
      "clientId": "",
      "billingStatus": "0",
      "productType": "",
      "employee": "",
      "employeeId": "",
      "productStatus": "",
      "billingType": "",
      "feeType": "",
      "hours": 0,
      "ansr": 237.65784,
      "expenseAmount": 581.58,
      "invoiceFee": 0,
      "currency": "",
      "productDescription": "",
      "billingEntities": "",
      "costCenter": "",
      "invoiceVendor": "",
      "invoiceReference": "",
      "gid": "9ff34bd1-9274-ec11-8043-502f9b7d84cf",
      "workSpaceDataType": 0,
      "adjustedBillingAction": 0,
      "adjustedInvoiceFee": 0,
      "adjustedCurrency": "",
      "adjustedDescription": "",
      "adjustedBillingEntity": "",
      "adjustedCostCenter": "",
      "adjustedOOSNR": "",
      "adjustedGBTStatus": "",
      "adjustedGBTRef": "",
      "linkedProcessedTnEGId": "",
      "derivedProductId": "",
      "derivedActivityId": "",
      "modifiedBy": "",
      "modifiedDateTime": "0001-01-01T00:00:00"
    },
    {
      "billingItemId": "",
      "billingAction": 1,
      "dataType": 5,
      "processedTnEIds": "014EE8A2-036F-EC11-803D-502F9B7D84CF",
      "productId": "114718.3",
      "activityId": 0,
      "expenseReferenceId": "",
      "clientName": "",
      "clientId": "",
      "billingStatus": "0",
      "productType": "",
      "employee": "",
      "employeeId": "",
      "productStatus": "",
      "billingType": "",
      "feeType": "",
      "hours": 8,
      "ansr": 133.76767,
      "expenseAmount": 0,
      "invoiceFee": 0,
      "currency": "",
      "productDescription": "",
      "billingEntities": "",
      "costCenter": "",
      "invoiceVendor": "",
      "invoiceReference": "",
      "gid": "9cf34bd1-9274-ec11-8043-502f9b7d84ck",
      "workSpaceDataType": 0,
      "adjustedBillingAction": 0,
      "adjustedInvoiceFee": 0,
      "adjustedCurrency": "",
      "adjustedDescription": "Abhsihek",
      "adjustedBillingEntity": "",
      "adjustedCostCenter": "",
      "adjustedOOSNR": "",
      "adjustedGBTStatus": "",
      "adjustedGBTRef": "",
      "linkedProcessedTnEGId": "",
      "derivedProductId": "",
      "derivedActivityId": "",
      "modifiedBy": "",
      "modifiedDateTime": "0001-01-01T00:00:00"
    },
    {
      "billingItemId": "",
      "billingAction": 1,
      "dataType": 6,
      "processedTnEIds": "014EE8A2-036F-EC11-803D-502F9B7D84CF",
      "productId": "114718.3",
      "activityId": 0,
      "expenseReferenceId": "",
      "clientName": "",
      "clientId": "",
      "billingStatus": "0",
      "productType": "",
      "employee": "",
      "employeeId": "",
      "productStatus": "",
      "billingType": "",
      "feeType": "",
      "hours": 8,
      "ansr": 133.76767,
      "expenseAmount": 0,
      "invoiceFee": 0,
      "currency": "",
      "productDescription": "",
      "billingEntities": "",
      "costCenter": "",
      "invoiceVendor": "",
      "invoiceReference": "",
      "gid": "9cf34bd1-9274-ec11-8043-502f9b7d84cl",
      "workSpaceDataType": 0,
      "adjustedBillingAction": 0,
      "adjustedInvoiceFee": 0,
      "adjustedCurrency": "",
      "adjustedDescription": "Abhsihek",
      "adjustedBillingEntity": "",
      "adjustedCostCenter": "",
      "adjustedOOSNR": "",
      "adjustedGBTStatus": "",
      "adjustedGBTRef": "",
      "linkedProcessedTnEGId": "",
      "derivedProductId": "",
      "derivedActivityId": "",
      "modifiedBy": "",
      "modifiedDateTime": "0001-01-01T00:00:00"
    }
  ]